<?xml version="1.0" encoding="UTF-8"?>
<project-private xmlns="http://www.netbeans.org/ns/project-private/1">
    <editor-bookmarks xmlns="http://www.netbeans.org/ns/editor-bookmarks/2" lastBookmarkId="0"/>
    <open-files xmlns="http://www.netbeans.org/ns/projectui-open-files/2">
        <group>
            <file>file:/C:/Users/Hassan%20abdiwali%20elmi/Documents/NetBeansProjects/library_management_system/src/jframe/DBConnection.java</file>
            <file>file:/C:/Users/Hassan%20abdiwali%20elmi/Documents/NetBeansProjects/library_management_system/src/jframe/IssueBook.java</file>
            <file>file:/C:/Users/Hassan%20abdiwali%20elmi/Documents/NetBeansProjects/library_management_system/src/adminIcons/home_24px.png</file>
            <file>file:/C:/Users/Hassan%20abdiwali%20elmi/Documents/NetBeansProjects/library_management_system/src/jframe/loginPage.java</file>
        </group>
    </open-files>
</project-private>
